scoring,score,irr,nir,n_promotions,n_trials,best_params
roc_auc,0.654770469935742,0.019730556172681095,451.25,19572,5000,"{'max_depth': 4, 'learning_rate': 0.010003681189060818, 'n_estimators': 154, 'gamma': 0.5778820088014939, 'subsample': 0.8421724914855413, 'colsample_bytree': 0.6500729145015486, 'reg_alpha': 0.5073157395804246, 'reg_lambda': 0.911945805709431, 'min_child_weight': 205}"
f1,0.05130518875691845,0.020380551263802272,497.29999999999995,18977,5000,"{'max_depth': 3, 'learning_rate': 0.02580602109984798, 'n_estimators': 182, 'gamma': 0.5199277610796144, 'subsample': 0.7351729830123125, 'colsample_bytree': 0.678031542062854, 'reg_alpha': 0.5945598214203527, 'reg_lambda': 7.712635425710314, 'min_child_weight': 175}"
"make_scorer(irr_score, response_method='predict')",0.017762647729104315,0.020216316463969625,460.70000000000005,18300,5000,"{'max_depth': 3, 'learning_rate': 0.015894716124508875, 'n_estimators': 174, 'gamma': 0.9539598489238977, 'subsample': 0.9374169246109804, 'colsample_bytree': 0.5118098736002833, 'reg_alpha': 3.709694341878397, 'reg_lambda': 2.4870609920174966, 'min_child_weight': 209}"
